task_id,probs,runtime,support,stderr
1,"[0.2, 0.5, 0.29999999999999993]",31.020514011383057,"[3, 5, 6]",
2,,,,
3,"[0.2, 0.10000000000000002, 0.2, 0.29999999999999993, 0.2]",5.2645039558410645,"[1, 2, 3, 4, 5]",
4,,,,
5,,,,
6,,,,
7,,,,
8,,,,
9,"[0.10000000000000002, 0.5, 0.2, 0.2]",23.45558214187622,"[2, 3, 4, 5]",
10,,,,
